Well,Sample.Name,Target Name,Amp Score,Amp Status,Task,Cq,Cq Mean,Cq Standard Deviation,Quantity,Quantity Mean,Quantity Standard Deviation,Intercept,R-Squared,Slope,Efficiency,Auto Threshold,Threshold,Auto Baseline,Baseline Start,Baseline End,Omit,Tm1
E2,1,ACTIN,1.465,Amp,UNKNOWN,16.783,16.818,0.05,331224.06,323848,10431.296,36.5667,0.9988,-3.584,90.11565,TRUE,0.15,TRUE,3,11,FALSE,79.25550079
F2,1,ACTIN,1.469,Amp,UNKNOWN,16.853,16.818,0.05,316471.97,323848,10431.296,36.5667,0.9988,-3.584,90.11565,TRUE,0.15,TRUE,3,12,FALSE,79.30544281
E1,2,ACTIN,1.409,Amp,UNKNOWN,16.663,16.702,0.055,357588.38,348828.06,12388.962,36.5667,0.9988,-3.584,90.11565,TRUE,0.159,TRUE,3,12,FALSE,79.21286774
F1,2,ACTIN,1.404,Amp,UNKNOWN,16.742,16.702,0.055,340067.72,348828.06,12388.962,36.5667,0.9988,-3.584,90.11565,TRUE,0.159,TRUE,3,12,FALSE,79.21286774
E7,3,ACTIN,1.396,Amp,UNKNOWN,16.715,16.731,0.022,345964.4,342484.56,4921.28,36.5667,0.9988,-3.584,90.11565,TRUE,0.159,TRUE,3,12,FALSE,79.0646286
F7,3,ACTIN,1.408,Amp,UNKNOWN,16.746,16.731,0.022,339004.7,342484.56,4921.28,36.5667,0.9988,-3.584,90.11565,TRUE,0.159,TRUE,3,12,FALSE,79.0646286
E8,4,ACTIN,1.439,Amp,UNKNOWN,16.646,16.754,0.152,361497.2,338229.78,32905.086,36.5667,0.9988,-3.584,90.11565,TRUE,0.159,TRUE,3,12,FALSE,79.01472473
F8,4,ACTIN,1.424,Amp,UNKNOWN,16.861,16.754,0.152,314962.38,338229.78,32905.086,36.5667,0.9988,-3.584,90.11565,TRUE,0.159,TRUE,3,12,FALSE,79.01472473
E9,5,ACTIN,1.405,Amp,UNKNOWN,16.553,16.526,0.038,383933.44,390707.16,9579.475,36.5667,0.9988,-3.584,90.11565,TRUE,0.159,TRUE,3,11,FALSE,78.91294861
F9,5,ACTIN,1.409,Amp,UNKNOWN,16.499,16.526,0.038,397480.84,390707.16,9579.475,36.5667,0.9988,-3.584,90.11565,TRUE,0.159,TRUE,3,11,FALSE,78.96286011
E3,6,ACTIN,1.459,Amp,UNKNOWN,16.628,16.647,0.027,365885.2,361388.97,6358.593,36.5667,0.9988,-3.584,90.11565,TRUE,0.15,TRUE,3,12,FALSE,79.00559235
F3,6,ACTIN,1.448,Amp,UNKNOWN,16.666,16.647,0.027,356892.75,361388.97,6358.593,36.5667,0.9988,-3.584,90.11565,TRUE,0.15,TRUE,3,11,FALSE,79.10547638
E10,7,ACTIN,1.434,Amp,UNKNOWN,18.564,17.628,1.324,105437,228326,173791.28,36.5667,0.9988,-3.584,90.11565,TRUE,0.159,TRUE,3,13,FALSE,78.86302948
F10,7,ACTIN,1.445,Amp,UNKNOWN,16.691,17.628,1.324,351215,228326,173791.28,36.5667,0.9988,-3.584,90.11565,TRUE,0.159,TRUE,3,10,FALSE,79.11260223
E11,8,ACTIN,1.423,Amp,UNKNOWN,17.196,16.892,0.429,254023.03,314531.4,85571.79,36.5667,0.9988,-3.584,90.11565,TRUE,0.159,TRUE,3,12,FALSE,79.05844879
F11,8,ACTIN,1.415,Amp,UNKNOWN,16.589,16.892,0.429,375039.8,314531.4,85571.79,36.5667,0.9988,-3.584,90.11565,TRUE,0.159,TRUE,3,11,FALSE,79.05844879
E1,9,ACTIN,1.437,Amp,UNKNOWN,16.71,16.83,0.169,347019.97,322313.62,34940.04,36.5667,0.9988,-3.584,90.11565,TRUE,0.15,TRUE,3,12,FALSE,79.15560913
F1,9,ACTIN,1.37,Amp,UNKNOWN,16.949,16.83,0.169,297607.28,322313.62,34940.04,36.5667,0.9988,-3.584,90.11565,TRUE,0.15,TRUE,3,12,FALSE,79.15560913
E11,10,ACTIN,1.449,Amp,UNKNOWN,16.61,16.56,0.071,370091.44,382398.47,17404.781,36.5667,0.9988,-3.584,90.11565,TRUE,0.15,TRUE,3,11,FALSE,79.10087585
F11,10,ACTIN,1.443,Amp,UNKNOWN,16.51,16.56,0.071,394705.5,382398.47,17404.781,36.5667,0.9988,-3.584,90.11565,TRUE,0.15,TRUE,3,11,FALSE,79.10087585
E12,12,ACTIN,1.436,Amp,UNKNOWN,16.677,16.626,0.071,354581.97,366384.38,16691.125,36.5667,0.9988,-3.584,90.11565,TRUE,0.15,TRUE,3,12,FALSE,79.10087585
F12,12,ACTIN,1.438,Amp,UNKNOWN,16.576,16.626,0.071,378186.78,366384.38,16691.125,36.5667,0.9988,-3.584,90.11565,TRUE,0.15,TRUE,3,12,FALSE,79.10087585
C5,13,ACTIN,0,No Amp,UNKNOWN,Undetermined,-,-,0,0,-,36.5667,0.9988,-3.584,90.11565,TRUE,0.14,TRUE,3,39,TRUE,89.74568176
D5,13,ACTIN,0,No Amp,UNKNOWN,Undetermined,-,-,0,0,-,36.5667,0.9988,-3.584,90.11565,TRUE,0.14,TRUE,3,39,TRUE,83.47457123
E8,14,ACTIN,1.427,Amp,UNKNOWN,16.121,16.156,0.049,506582.12,495477.25,15704.665,36.5667,0.9988,-3.584,90.11565,TRUE,0.15,TRUE,3,11,FALSE,78.89981842
F8,14,ACTIN,1.353,Amp,UNKNOWN,16.191,16.156,0.049,484372.38,495477.25,15704.665,36.5667,0.9988,-3.584,90.11565,TRUE,0.15,TRUE,3,11,FALSE,78.84986877
C1,15,ACTIN,1.295,Amp,UNKNOWN,19.722,18.557,1.648,50114.516,137069.22,122972.516,36.5667,0.9988,-3.584,90.11565,TRUE,0.14,TRUE,3,14,FALSE,78.25066376
D1,15,ACTIN,1.457,Amp,UNKNOWN,17.391,18.557,1.648,224023.92,137069.22,122972.516,36.5667,0.9988,-3.584,90.11565,TRUE,0.14,TRUE,3,13,FALSE,79.14643097
E9,16,ACTIN,1.463,Amp,UNKNOWN,16.272,16.287,0.02,459749.3,455560.66,5923.667,36.5667,0.9988,-3.584,90.11565,TRUE,0.15,TRUE,3,11,FALSE,79.05484772
F9,16,ACTIN,1.431,Amp,UNKNOWN,16.301,16.287,0.02,451371.97,455560.66,5923.667,36.5667,0.9988,-3.584,90.11565,TRUE,0.15,TRUE,3,11,FALSE,79.05484772
C6,17,ACTIN,0,No Amp,UNKNOWN,Undetermined,-,-,0,0,-,36.5667,0.9988,-3.584,90.11565,TRUE,0.14,TRUE,3,39,TRUE,83.02663422
D6,17,ACTIN,1.492,Amp,UNKNOWN,33.5,33.5,-,7.172,7.172,-,36.5667,0.9988,-3.584,90.11565,TRUE,0.14,TRUE,3,28,FALSE,79.44314575
E4,18,ACTIN,1.441,Amp,UNKNOWN,16.87,17.017,0.208,313121.38,286158.44,38131.316,36.5667,0.9988,-3.584,90.11565,TRUE,0.15,TRUE,3,12,FALSE,79.10547638
F4,18,ACTIN,1.415,Amp,UNKNOWN,17.164,17.017,0.208,259195.55,286158.44,38131.316,36.5667,0.9988,-3.584,90.11565,TRUE,0.15,TRUE,3,12,FALSE,79.15541077
G6,18,ACTIN,0,No Amp,NTC,Undetermined,-,-,-,0,-,36.5667,0.9988,-3.584,90.11565,TRUE,0.15,TRUE,3,39,TRUE,89.18907928
C2,19,ACTIN,1.171,Amp,UNKNOWN,23.585,20.594,4.231,4187.958,99945.16,135421.12,36.5667,0.9988,-3.584,90.11565,TRUE,0.14,TRUE,3,18,FALSE,78.69854736
D2,19,ACTIN,1.448,Amp,UNKNOWN,17.602,20.594,4.231,195702.36,99945.16,135421.12,36.5667,0.9988,-3.584,90.11565,TRUE,0.14,TRUE,3,13,FALSE,79.29573059
C3,20,ACTIN,1.243,Amp,UNKNOWN,21.344,19.36,2.806,17676.277,121955.93,147473.7,36.5667,0.9988,-3.584,90.11565,TRUE,0.14,TRUE,3,16,FALSE,78.69956207
D3,20,ACTIN,1.466,Amp,UNKNOWN,17.376,19.36,2.806,226235.58,121955.93,147473.7,36.5667,0.9988,-3.584,90.11565,TRUE,0.14,TRUE,3,12,FALSE,79.29677582
E2,21,ACTIN,1.38,Amp,UNKNOWN,17.019,17.007,0.017,284483.47,286709.84,3148.548,36.5667,0.9988,-3.584,90.11565,TRUE,0.159,TRUE,3,12,FALSE,79.16295624
F2,21,ACTIN,1.381,Amp,UNKNOWN,16.995,17.007,0.017,288936.2,286709.84,3148.548,36.5667,0.9988,-3.584,90.11565,TRUE,0.159,TRUE,3,12,FALSE,79.16295624
E10,22,ACTIN,1.481,Amp,UNKNOWN,16.543,16.464,0.112,386252.3,407015.97,29364.275,36.5667,0.9988,-3.584,90.11565,TRUE,0.15,TRUE,3,12,FALSE,79.00489807
F10,22,ACTIN,1.466,Amp,UNKNOWN,16.384,16.464,0.112,427779.66,407015.97,29364.275,36.5667,0.9988,-3.584,90.11565,TRUE,0.15,TRUE,3,11,FALSE,79.00489807
C7,23,ACTIN,1.423,Amp,UNKNOWN,34.758,34.758,-,3.196,3.196,-,36.5667,0.9988,-3.584,90.11565,TRUE,0.14,TRUE,3,30,FALSE,79.14990997
D7,23,ACTIN,0,No Amp,UNKNOWN,Undetermined,-,-,0,0,-,36.5667,0.9988,-3.584,90.11565,TRUE,0.14,TRUE,3,39,TRUE,73.32758331
E5,24,ACTIN,1.428,Amp,UNKNOWN,16.927,17.027,0.14,301799.06,283728.03,25556.316,36.5667,0.9988,-3.584,90.11565,TRUE,0.15,TRUE,3,12,FALSE,79.04972076
F5,24,ACTIN,1.406,Amp,UNKNOWN,17.126,17.027,0.14,265656.97,283728.03,25556.316,36.5667,0.9988,-3.584,90.11565,TRUE,0.15,TRUE,3,12,FALSE,79.04972076
E3,25,ACTIN,1.393,Amp,UNKNOWN,16.757,16.863,0.151,336754.4,315224.84,30447.367,36.5667,0.9988,-3.584,90.11565,TRUE,0.159,TRUE,3,11,FALSE,79.1114502
F3,25,ACTIN,1.39,Amp,UNKNOWN,16.97,16.863,0.151,293695.3,315224.84,30447.367,36.5667,0.9988,-3.584,90.11565,TRUE,0.159,TRUE,3,12,FALSE,79.16136169
E1,26,ACTIN,1.447,Amp,UNKNOWN,17.226,17.528,0.427,249133.19,209090.72,56628.6,36.5667,0.9988,-3.584,90.11565,TRUE,0.213,TRUE,3,12,FALSE,79.26281738
F1,26,ACTIN,1.442,Amp,UNKNOWN,17.83,17.528,0.427,169048.25,209090.72,56628.6,36.5667,0.9988,-3.584,90.11565,TRUE,0.213,TRUE,3,12,FALSE,79.41260529
E2,27,ACTIN,1.442,Amp,UNKNOWN,16.723,17.346,0.881,344083.84,249341.1,133986.48,36.5667,0.9988,-3.584,90.11565,TRUE,0.213,TRUE,3,11,FALSE,79.01318359
F2,27,ACTIN,1.452,Amp,UNKNOWN,17.969,17.346,0.881,154598.36,249341.1,133986.48,36.5667,0.9988,-3.584,90.11565,TRUE,0.213,TRUE,3,12,FALSE,79.31275177
E3,28,ACTIN,1.432,Amp,UNKNOWN,16.996,17.584,0.832,288734.78,212166.95,108283.27,36.5667,0.9988,-3.584,90.11565,TRUE,0.213,TRUE,3,12,FALSE,78.96154785
F3,28,ACTIN,1.443,Amp,UNKNOWN,18.173,17.584,0.832,135599.12,212166.95,108283.27,36.5667,0.9988,-3.584,90.11565,TRUE,0.213,TRUE,3,13,FALSE,79.26116943
E4,29,ACTIN,1.467,Amp,UNKNOWN,16.692,17.48,1.114,350967.62,239278.53,157952.22,36.5667,0.9988,-3.584,90.11565,TRUE,0.213,TRUE,3,11,FALSE,78.86167145
F4,29,ACTIN,1.466,Amp,UNKNOWN,18.267,17.48,1.114,127589.45,239278.53,157952.22,36.5667,0.9988,-3.584,90.11565,TRUE,0.213,TRUE,3,12,FALSE,79.26116943
E5,30,ACTIN,1.431,Amp,UNKNOWN,18.53,18.572,0.059,107752.96,104933.875,3986.785,36.5667,0.9988,-3.584,90.11565,TRUE,0.213,TRUE,3,13,FALSE,78.8602829
F5,30,ACTIN,1.481,Amp,UNKNOWN,18.614,18.572,0.059,102114.8,104933.875,3986.785,36.5667,0.9988,-3.584,90.11565,TRUE,0.213,TRUE,3,13,FALSE,79.10996246
E6,31,ACTIN,1.442,Amp,UNKNOWN,18.102,18.491,0.55,141877.36,113972.664,39463.207,36.5667,0.9988,-3.584,90.11565,TRUE,0.213,TRUE,3,13,FALSE,78.91021729
F6,31,ACTIN,1.472,Amp,UNKNOWN,18.88,18.491,0.55,86067.96,113972.664,39463.207,36.5667,0.9988,-3.584,90.11565,TRUE,0.213,TRUE,3,13,FALSE,79.20983887
E6,32,ACTIN,1.471,Amp,UNKNOWN,15.815,15.807,0.012,616623.3,620100.25,4917.138,36.5667,0.9988,-3.584,90.11565,TRUE,0.15,TRUE,3,11,FALSE,79.09967041
F6,32,ACTIN,1.453,Amp,UNKNOWN,15.798,15.807,0.012,623577.2,620100.25,4917.138,36.5667,0.9988,-3.584,90.11565,TRUE,0.15,TRUE,3,11,FALSE,79.09967041
C4,33,ACTIN,1.315,Amp,UNKNOWN,19.232,17.966,1.79,68666.44,208857.16,198259.61,36.5667,0.9988,-3.584,90.11565,TRUE,0.14,TRUE,3,14,FALSE,78.84886169
D4,33,ACTIN,1.49,Amp,UNKNOWN,16.701,17.966,1.79,349047.88,208857.16,198259.61,36.5667,0.9988,-3.584,90.11565,TRUE,0.14,TRUE,3,12,FALSE,79.29677582
E7,34,ACTIN,1.443,Amp,UNKNOWN,17.162,17.384,0.314,259612.6,227393.56,45564.594,36.5667,0.9988,-3.584,90.11565,TRUE,0.213,TRUE,3,12,FALSE,79.16162872
F7,34,ACTIN,1.486,Amp,UNKNOWN,17.606,17.384,0.314,195174.52,227393.56,45564.594,36.5667,0.9988,-3.584,90.11565,TRUE,0.213,TRUE,3,12,FALSE,79.36133575
E8,35,ACTIN,1.459,Amp,UNKNOWN,16.58,17.355,1.096,377206.5,258268.78,168203.33,36.5667,0.9988,-3.584,90.11565,TRUE,0.213,TRUE,3,11,FALSE,79.06177521
F8,35,ACTIN,1.435,Amp,UNKNOWN,18.13,17.355,1.096,139331.06,258268.78,168203.33,36.5667,0.9988,-3.584,90.11565,TRUE,0.213,TRUE,3,12,FALSE,79.26148224
E9,36,ACTIN,1.45,Amp,UNKNOWN,16.809,17.653,1.194,325679.56,217856.11,152485.39,36.5667,0.9988,-3.584,90.11565,TRUE,0.213,TRUE,3,11,FALSE,78.91371918
F9,36,ACTIN,1.446,Amp,UNKNOWN,18.498,17.653,1.194,110032.65,217856.11,152485.39,36.5667,0.9988,-3.584,90.11565,TRUE,0.213,TRUE,3,13,FALSE,79.11340332
E4,37,ACTIN,1.445,Amp,UNKNOWN,15.435,15.487,0.073,787143.06,761719.9,35953.85,36.5667,0.9988,-3.584,90.11565,TRUE,0.159,TRUE,3,10,FALSE,79.26119232
F4,37,ACTIN,1.44,Amp,UNKNOWN,15.539,15.487,0.073,736296.7,761719.9,35953.85,36.5667,0.9988,-3.584,90.11565,TRUE,0.159,TRUE,3,10,FALSE,79.31110382
E10,38,ACTIN,1.468,Amp,UNKNOWN,16.215,17.3,1.534,476952.25,297632.16,253596.92,36.5667,0.9988,-3.584,90.11565,TRUE,0.213,TRUE,3,11,FALSE,79.01355743
F10,38,ACTIN,1.499,Amp,UNKNOWN,18.385,17.3,1.534,118312.06,297632.16,253596.92,36.5667,0.9988,-3.584,90.11565,TRUE,0.213,TRUE,3,13,FALSE,79.31308746
E5,39,ACTIN,1.413,Amp,UNKNOWN,15.748,15.746,0.003,643910.06,644791.8,1247.028,36.5667,0.9988,-3.584,90.11565,TRUE,0.159,TRUE,3,10,FALSE,79.16472626
F5,39,ACTIN,1.42,Amp,UNKNOWN,15.744,15.746,0.003,645673.6,644791.8,1247.028,36.5667,0.9988,-3.584,90.11565,TRUE,0.159,TRUE,3,11,FALSE,79.11480713
E6,40,ACTIN,1.432,Amp,UNKNOWN,15.365,15.491,0.178,823487.9,762052.5,86882.77,36.5667,0.9988,-3.584,90.11565,TRUE,0.159,TRUE,3,10,FALSE,79.11480713
F6,40,ACTIN,1.423,Amp,UNKNOWN,15.616,15.491,0.178,700617.1,762052.5,86882.77,36.5667,0.9988,-3.584,90.11565,TRUE,0.159,TRUE,3,11,FALSE,79.11480713
E11,41,ACTIN,1.465,Amp,UNKNOWN,16.407,17.483,1.52,421497.56,263694.06,223167.84,36.5667,0.9988,-3.584,90.11565,TRUE,0.213,TRUE,3,11,FALSE,79.15106964
F11,41,ACTIN,1.456,Amp,UNKNOWN,18.558,17.483,1.52,105890.57,263694.06,223167.84,36.5667,0.9988,-3.584,90.11565,TRUE,0.213,TRUE,3,13,FALSE,79.30093384
E7,42,ACTIN,1.471,Amp,UNKNOWN,15.976,15.933,0.061,556207.25,572015.9,22356.824,36.5667,0.9988,-3.584,90.11565,TRUE,0.15,TRUE,3,11,FALSE,79.19952393
F7,42,ACTIN,1.463,Amp,UNKNOWN,15.89,15.933,0.061,587824.56,572015.9,22356.824,36.5667,0.9988,-3.584,90.11565,TRUE,0.15,TRUE,3,11,FALSE,79.19952393
E12,43,ACTIN,1.475,Amp,UNKNOWN,16.345,17.059,1.01,438665.12,306973.97,186239.4,36.5667,0.9988,-3.584,90.11565,TRUE,0.213,TRUE,3,11,FALSE,79.25097656
F12,43,ACTIN,1.476,Amp,UNKNOWN,17.773,17.059,1.01,175282.83,306973.97,186239.4,36.5667,0.9988,-3.584,90.11565,TRUE,0.213,TRUE,3,12,FALSE,79.35088348
E12,Gblock,ACTIN,1.456,Amp,UNKNOWN,18.513,18.513,-,108962.586,108962.586,-,36.5667,0.9988,-3.584,90.11565,TRUE,0.159,TRUE,3,14,FALSE,79.40794373
G3,Gblock,ACTIN,1.505,Amp,UNKNOWN,17.079,17.079,-,273824,273824,-,36.5667,0.9988,-3.584,90.11565,TRUE,0.213,TRUE,3,11,FALSE,79.66066742
G3,Gblock,ACTIN,1.48,Amp,STANDARD,16.559,16.559,-,1,0,-,36.5667,0.9988,-3.584,90.11565,TRUE,0.15,TRUE,3,12,FALSE,79.50498962
E2,Gblock,ACTIN,1.478,Amp,STANDARD,17.072,17.072,-,1,0,-,36.5667,0.9988,-3.584,90.11565,TRUE,0.14,TRUE,3,12,FALSE,79.44502258
F12,No Sample,ACTIN,0,No Amp,NTC,Undetermined,-,-,-,0,-,36.5667,0.9988,-3.584,90.11565,TRUE,0.159,TRUE,3,39,TRUE,90.94132233
G6,No Sample,ACTIN,0,No Amp,NTC,Undetermined,-,-,-,0,-,36.5667,0.9988,-3.584,90.11565,TRUE,0.213,TRUE,3,39,TRUE,69.72183228
E4,No Sample,ACTIN,0,No Amp,NTC,Undetermined,-,-,-,0,-,36.5667,0.9988,-3.584,90.11565,TRUE,0.14,TRUE,3,39,TRUE,76.01208496
C2,1,BQCV,1.306,Amp,UNKNOWN,28.434,28.8,0.518,71.037,57.278,19.459,34.8074,0.9981,-3.4422,95.21442,TRUE,0.04,TRUE,3,25,FALSE,79.00577545
D2,1,BQCV,1.298,Amp,UNKNOWN,29.167,28.8,0.518,43.519,57.278,19.459,34.8074,0.9981,-3.4422,95.21442,TRUE,0.04,TRUE,3,26,FALSE,79.15560913
C1,2,BQCV,1.176,Amp,UNKNOWN,26.467,26.327,0.198,264.811,292.122,38.623,34.8074,0.9981,-3.4422,95.21442,TRUE,0.04,TRUE,3,23,FALSE,79.26277924
D1,2,BQCV,1.227,Amp,UNKNOWN,26.187,26.327,0.198,319.433,292.122,38.623,34.8074,0.9981,-3.4422,95.21442,TRUE,0.04,TRUE,3,23,FALSE,79.21286774
C7,3,BQCV,0,No Amp,UNKNOWN,Undetermined,-,-,0,0,-,34.8074,0.9981,-3.4422,95.21442,TRUE,0.04,TRUE,3,39,TRUE,72.42744446
D7,3,BQCV,0,No Amp,UNKNOWN,Undetermined,-,-,0,0,-,34.8074,0.9981,-3.4422,95.21442,TRUE,0.04,TRUE,3,39,TRUE,82.40817261
C8,4,BQCV,1.217,Amp,UNKNOWN,32.808,32.223,0.827,3.809,6.069,3.196,34.8074,0.9981,-3.4422,95.21442,TRUE,0.04,TRUE,3,30,FALSE,79.0646286
D8,4,BQCV,1.264,Amp,UNKNOWN,31.639,32.223,0.827,8.329,6.069,3.196,34.8074,0.9981,-3.4422,95.21442,TRUE,0.04,TRUE,3,28,FALSE,78.91491699
C9,5,BQCV,1.195,Amp,UNKNOWN,31.278,31.718,0.621,10.597,8.243,3.33,34.8074,0.9981,-3.4422,95.21442,TRUE,0.04,TRUE,3,28,FALSE,79.26233673
D9,5,BQCV,1.242,Amp,UNKNOWN,32.157,31.718,0.621,5.889,8.243,3.33,34.8074,0.9981,-3.4422,95.21442,TRUE,0.04,TRUE,3,29,FALSE,79.16251373
C3,6,BQCV,1.287,Amp,UNKNOWN,31.865,-,-,0,0,-,34.8074,0.9981,-3.4422,95.21442,TRUE,0.04,TRUE,3,29,TRUE,78.75589752
D3,6,BQCV,1.295,Amp,UNKNOWN,32.288,32.288,-,5.394,5.394,-,34.8074,0.9981,-3.4422,95.21442,TRUE,0.04,TRUE,3,29,FALSE,79.00559235
C10,7,BQCV,1.301,Amp,UNKNOWN,29.342,29.342,-,38.713,38.713,-,34.8074,0.9981,-3.4422,95.21442,TRUE,0.04,TRUE,3,26,FALSE,78.61346436
D10,7,BQCV,0.526,No Amp,UNKNOWN,Undetermined,-,-,0,0,-,34.8074,0.9981,-3.4422,95.21442,TRUE,0.04,TRUE,3,34,TRUE,94.48596191
C11,8,BQCV,1.232,Amp,UNKNOWN,28.267,28.058,0.295,79.451,92.257,18.11,34.8074,0.9981,-3.4422,95.21442,TRUE,0.04,TRUE,3,25,FALSE,79.05844879
D11,8,BQCV,1.25,Amp,UNKNOWN,27.849,28.058,0.295,105.063,92.257,18.11,34.8074,0.9981,-3.4422,95.21442,TRUE,0.04,TRUE,3,25,FALSE,79.00852203
C1,9,BQCV,1.297,Amp,UNKNOWN,28.67,29.174,0.713,60.658,45.782,21.037,34.8074,0.9981,-3.4422,95.21442,TRUE,0.04,TRUE,3,25,FALSE,79.00577545
D1,9,BQCV,1.181,Amp,UNKNOWN,29.678,29.174,0.713,30.906,45.782,21.037,34.8074,0.9981,-3.4422,95.21442,TRUE,0.04,TRUE,3,27,FALSE,79.25550079
C11,10,BQCV,1.251,Amp,UNKNOWN,28.003,28.352,0.495,94.818,77.095,25.064,34.8074,0.9981,-3.4422,95.21442,TRUE,0.04,TRUE,3,25,FALSE,79.20076752
D11,10,BQCV,1.246,Amp,UNKNOWN,28.702,28.352,0.495,59.372,77.095,25.064,34.8074,0.9981,-3.4422,95.21442,TRUE,0.04,TRUE,3,25,FALSE,79.40054321
C12,12,BQCV,1.255,Amp,UNKNOWN,29.352,29.052,0.425,38.443,47.943,13.436,34.8074,0.9981,-3.4422,95.21442,TRUE,0.04,TRUE,3,26,FALSE,79.05093384
D12,12,BQCV,1.245,Amp,UNKNOWN,28.752,29.052,0.425,57.444,47.943,13.436,34.8074,0.9981,-3.4422,95.21442,TRUE,0.04,TRUE,3,25,FALSE,79.10087585
A5,13,BQCV,0,No Amp,UNKNOWN,Undetermined,-,-,2.53E+10,0,-,34.8074,0.9981,-3.4422,95.21442,TRUE,0.079,TRUE,3,39,FALSE,79.89108276
B5,13,BQCV,0,No Amp,UNKNOWN,Undetermined,-,-,0,0,-,34.8074,0.9981,-3.4422,95.21442,TRUE,0.079,TRUE,3,39,TRUE,77.35277557
C8,14,BQCV,1.155,Amp,UNKNOWN,27.2,27.33,0.184,162.227,149.256,18.344,34.8074,0.9981,-3.4422,95.21442,TRUE,0.04,TRUE,3,24,FALSE,78.70001984
D8,14,BQCV,1.019,Amp,UNKNOWN,27.46,27.33,0.184,136.285,149.256,18.344,34.8074,0.9981,-3.4422,95.21442,TRUE,0.04,TRUE,3,24,FALSE,78.94976807
A1,15,BQCV,0.948,No Amp,UNKNOWN,38.06,38.06,-,0.113,0.113,-,34.8074,0.9981,-3.4422,95.21442,TRUE,0.079,TRUE,3,34,FALSE,77.95207214
B1,15,BQCV,0,No Amp,UNKNOWN,Undetermined,-,-,0,0,-,34.8074,0.9981,-3.4422,95.21442,TRUE,0.079,TRUE,3,39,TRUE,91.68721008
C9,16,BQCV,1.306,Amp,UNKNOWN,26.987,27.127,0.198,187.064,171.106,22.568,34.8074,0.9981,-3.4422,95.21442,TRUE,0.04,TRUE,3,24,FALSE,79.00489807
D9,16,BQCV,1.27,Amp,UNKNOWN,27.266,27.127,0.198,155.148,171.106,22.568,34.8074,0.9981,-3.4422,95.21442,TRUE,0.04,TRUE,3,24,FALSE,79.20469666
G5,17,BQCV,0,No Amp,NTC,Undetermined,-,-,-,0,-,34.8074,0.9981,-3.4422,95.21442,TRUE,0.04,TRUE,3,39,TRUE,89.33892822
A6,17,BQCV,0,No Amp,UNKNOWN,Undetermined,-,-,0,0,-,34.8074,0.9981,-3.4422,95.21442,TRUE,0.079,TRUE,3,39,TRUE,92.58261108
B6,17,BQCV,0,No Amp,UNKNOWN,Undetermined,-,-,0,0,-,34.8074,0.9981,-3.4422,95.21442,TRUE,0.079,TRUE,3,39,TRUE,76.3075943
C4,18,BQCV,1.273,Amp,UNKNOWN,30.392,32.112,2.432,19.174,10.547,12.199,34.8074,0.9981,-3.4422,95.21442,TRUE,0.04,TRUE,3,27,FALSE,78.85577393
D4,18,BQCV,1.187,Amp,UNKNOWN,33.831,32.112,2.432,1.921,10.547,12.199,34.8074,0.9981,-3.4422,95.21442,TRUE,0.04,TRUE,3,31,FALSE,79.2552948
A2,19,BQCV,0,No Amp,UNKNOWN,Undetermined,-,-,0,0,-,34.8074,0.9981,-3.4422,95.21442,TRUE,0.079,TRUE,3,39,TRUE,73.47322083
B2,19,BQCV,1.147,Amp,UNKNOWN,34.19,34.19,-,1.511,1.511,-,34.8074,0.9981,-3.4422,95.21442,TRUE,0.079,TRUE,3,30,FALSE,79.59431458
A3,20,BQCV,0,No Amp,UNKNOWN,Undetermined,-,-,0,0,-,34.8074,0.9981,-3.4422,95.21442,TRUE,0.079,TRUE,3,39,TRUE,77.50512695
B3,20,BQCV,1.241,Amp,UNKNOWN,34.941,34.941,-,0.914,0.914,-,34.8074,0.9981,-3.4422,95.21442,TRUE,0.079,TRUE,3,31,FALSE,79.44608307
C2,21,BQCV,1.022,Amp,UNKNOWN,30.85,31.293,0.627,14.116,10.96,4.464,34.8074,0.9981,-3.4422,95.21442,TRUE,0.04,TRUE,3,28,FALSE,79.26277924
D2,21,BQCV,1.089,Amp,UNKNOWN,31.736,31.293,0.627,7.804,10.96,4.464,34.8074,0.9981,-3.4422,95.21442,TRUE,0.04,TRUE,3,26,FALSE,79.21286774
C10,22,BQCV,1.321,Amp,UNKNOWN,29.225,29.472,0.349,41.853,35.964,8.329,34.8074,0.9981,-3.4422,95.21442,TRUE,0.04,TRUE,3,26,FALSE,78.90500641
D10,22,BQCV,1.299,Amp,UNKNOWN,29.719,29.472,0.349,30.074,35.964,8.329,34.8074,0.9981,-3.4422,95.21442,TRUE,0.04,TRUE,3,26,FALSE,79.10479736
A7,23,BQCV,0,No Amp,UNKNOWN,Undetermined,-,-,2.53E+10,0,-,34.8074,0.9981,-3.4422,95.21442,TRUE,0.079,TRUE,3,39,FALSE,93.03392029
B7,23,BQCV,0,No Amp,UNKNOWN,Undetermined,-,-,0,0,-,34.8074,0.9981,-3.4422,95.21442,TRUE,0.079,TRUE,3,39,TRUE,90.79457092
C5,24,BQCV,1.248,Amp,UNKNOWN,31.672,30.872,1.131,8.146,15.949,11.034,34.8074,0.9981,-3.4422,95.21442,TRUE,0.04,TRUE,3,29,FALSE,78.9498291
D5,24,BQCV,1.128,Amp,UNKNOWN,30.072,30.872,1.131,23.751,15.949,11.034,34.8074,0.9981,-3.4422,95.21442,TRUE,0.04,TRUE,3,27,FALSE,79.14962006
C3,25,BQCV,1.12,Amp,UNKNOWN,28.857,29.53,0.952,53.544,37.655,22.471,34.8074,0.9981,-3.4422,95.21442,TRUE,0.04,TRUE,3,26,FALSE,79.0116272
D3,25,BQCV,1.152,Amp,UNKNOWN,30.203,29.53,0.952,21.766,37.655,22.471,34.8074,0.9981,-3.4422,95.21442,TRUE,0.04,TRUE,3,27,FALSE,78.9617157
C1,26,BQCV,1.328,Amp,UNKNOWN,27.67,27.369,0.426,118.414,147.807,41.568,34.8074,0.9981,-3.4422,95.21442,TRUE,0.067,TRUE,3,24,FALSE,79.31275177
D1,26,BQCV,1.314,Amp,UNKNOWN,27.068,27.369,0.426,177.2,147.807,41.568,34.8074,0.9981,-3.4422,95.21442,TRUE,0.067,TRUE,3,23,FALSE,79.41260529
C2,27,BQCV,1.253,Amp,UNKNOWN,31.245,30.53,1.011,10.836,19.517,12.276,34.8074,0.9981,-3.4422,95.21442,TRUE,0.067,TRUE,3,27,FALSE,79.41260529
D2,27,BQCV,1.289,Amp,UNKNOWN,29.815,30.53,1.011,28.198,19.517,12.276,34.8074,0.9981,-3.4422,95.21442,TRUE,0.067,TRUE,3,26,FALSE,79.46253204
C3,28,BQCV,1.283,Amp,UNKNOWN,31.735,30.992,1.051,7.806,14.455,9.403,34.8074,0.9981,-3.4422,95.21442,TRUE,0.067,TRUE,3,28,FALSE,79.41098022
D3,28,BQCV,1.311,Amp,UNKNOWN,30.249,30.992,1.051,21.103,14.455,9.403,34.8074,0.9981,-3.4422,95.21442,TRUE,0.067,TRUE,3,26,FALSE,79.26116943
C4,29,BQCV,1.32,Amp,UNKNOWN,31.714,30.844,1.23,7.919,16.64,12.334,34.8074,0.9981,-3.4422,95.21442,TRUE,0.067,TRUE,3,28,FALSE,79.36104584
D4,29,BQCV,1.365,Amp,UNKNOWN,29.974,30.844,1.23,25.362,16.64,12.334,34.8074,0.9981,-3.4422,95.21442,TRUE,0.067,TRUE,3,26,FALSE,79.21122742
C5,30,BQCV,0,No Amp,UNKNOWN,Undetermined,-,-,0,0,-,34.8074,0.9981,-3.4422,95.21442,TRUE,0.067,TRUE,3,39,TRUE,68.77302551
D5,30,BQCV,1.357,Amp,UNKNOWN,29.105,29.105,-,45.358,45.358,-,34.8074,0.9981,-3.4422,95.21442,TRUE,0.067,TRUE,3,25,FALSE,79.35964966
C6,31,BQCV,1.351,Amp,UNKNOWN,29.815,28.311,2.128,28.198,119.678,129.373,34.8074,0.9981,-3.4422,95.21442,TRUE,0.067,TRUE,3,26,FALSE,79.20983887
D6,31,BQCV,1.382,Amp,UNKNOWN,26.806,28.311,2.128,211.159,119.678,129.373,34.8074,0.9981,-3.4422,95.21442,TRUE,0.067,TRUE,3,23,FALSE,79.06002808
C6,32,BQCV,1.319,Amp,UNKNOWN,25.359,25.931,0.809,555.859,407.209,210.223,34.8074,0.9981,-3.4422,95.21442,TRUE,0.04,TRUE,3,22,FALSE,79.09967041
D6,32,BQCV,1.307,Amp,UNKNOWN,26.503,25.931,0.809,258.559,407.209,210.223,34.8074,0.9981,-3.4422,95.21442,TRUE,0.04,TRUE,3,23,FALSE,79.24951172
A4,33,BQCV,0.72,No Amp,UNKNOWN,Undetermined,33.391,-,2.53E+10,2.579,-,34.8074,0.9981,-3.4422,95.21442,TRUE,0.079,TRUE,3,35,FALSE,79.44608307
B4,33,BQCV,1.322,Amp,UNKNOWN,33.391,33.391,-,2.579,2.579,-,34.8074,0.9981,-3.4422,95.21442,TRUE,0.079,TRUE,3,29,FALSE,79.44608307
C7,34,BQCV,1.322,Amp,UNKNOWN,34.289,32.441,2.614,1.414,9.087,10.851,34.8074,0.9981,-3.4422,95.21442,TRUE,0.067,TRUE,3,30,FALSE,79.46118927
D7,34,BQCV,1.352,Amp,UNKNOWN,30.593,32.441,2.614,16.76,9.087,10.851,34.8074,0.9981,-3.4422,95.21442,TRUE,0.067,TRUE,3,27,FALSE,79.26148224
C8,35,BQCV,1.147,Amp,UNKNOWN,34.776,31.747,4.284,1.021,29.896,40.835,34.8074,0.9981,-3.4422,95.21442,TRUE,0.067,TRUE,3,31,FALSE,79.46118927
D8,35,BQCV,1.296,Amp,UNKNOWN,28.718,31.747,4.284,58.771,29.896,40.835,34.8074,0.9981,-3.4422,95.21442,TRUE,0.067,TRUE,3,25,FALSE,79.21155548
C9,36,BQCV,1.204,Amp,UNKNOWN,32.006,30.143,2.634,6.514,42.621,51.063,34.8074,0.9981,-3.4422,95.21442,TRUE,0.067,TRUE,3,28,FALSE,79.26316833
D9,36,BQCV,1.315,Amp,UNKNOWN,28.281,30.143,2.634,78.727,42.621,51.063,34.8074,0.9981,-3.4422,95.21442,TRUE,0.067,TRUE,3,24,FALSE,79.01355743
C4,37,BQCV,1.304,Amp,UNKNOWN,23.338,23.867,0.749,2148.156,1603.152,770.753,34.8074,0.9981,-3.4422,95.21442,TRUE,0.04,TRUE,3,20,FALSE,79.31110382
D4,37,BQCV,1.309,Amp,UNKNOWN,24.396,23.867,0.749,1058.148,1603.152,770.753,34.8074,0.9981,-3.4422,95.21442,TRUE,0.04,TRUE,3,21,FALSE,79.1114502
C10,38,BQCV,1.289,Amp,UNKNOWN,32.098,29.769,3.293,6.125,72.097,93.299,34.8074,0.9981,-3.4422,95.21442,TRUE,0.067,TRUE,3,28,FALSE,79.51277924
D10,38,BQCV,1.344,Amp,UNKNOWN,27.441,29.769,3.293,138.069,72.097,93.299,34.8074,0.9981,-3.4422,95.21442,TRUE,0.067,TRUE,3,23,FALSE,79.21324921
C5,39,BQCV,0.431,No Amp,UNKNOWN,Undetermined,-,-,0,0,-,34.8074,0.9981,-3.4422,95.21442,TRUE,0.04,TRUE,3,12,TRUE,68.23319244
D5,39,BQCV,1.283,Amp,UNKNOWN,31.81,31.81,-,7.428,7.428,-,34.8074,0.9981,-3.4422,95.21442,TRUE,0.04,TRUE,3,29,FALSE,79.11480713
C6,40,BQCV,1.253,Amp,UNKNOWN,27.602,27.602,-,123.987,123.987,-,34.8074,0.9981,-3.4422,95.21442,TRUE,0.04,TRUE,3,24,FALSE,79.16472626
D6,40,BQCV,0,No Amp,UNKNOWN,Undetermined,-,-,0,0,-,34.8074,0.9981,-3.4422,95.21442,TRUE,0.04,TRUE,3,39,TRUE,82.35932922
C11,41,BQCV,1.115,Amp,UNKNOWN,33.405,30.471,4.15,2.554,66.06,89.81,34.8074,0.9981,-3.4422,95.21442,TRUE,0.067,TRUE,3,29,FALSE,79.50074005
D11,41,BQCV,1.304,Amp,UNKNOWN,27.536,30.471,4.15,129.565,66.06,89.81,34.8074,0.9981,-3.4422,95.21442,TRUE,0.067,TRUE,3,23,FALSE,79.20102692
C7,42,BQCV,1.337,Amp,UNKNOWN,23.255,23.586,0.468,2270.288,1864.47,573.913,34.8074,0.9981,-3.4422,95.21442,TRUE,0.04,TRUE,3,20,FALSE,78.94976807
D7,42,BQCV,1.33,Amp,UNKNOWN,23.916,23.586,0.468,1458.653,1864.47,573.913,34.8074,0.9981,-3.4422,95.21442,TRUE,0.04,TRUE,3,21,FALSE,79.14956665
C12,43,BQCV,1.327,Amp,UNKNOWN,32.258,30.116,3.028,5.504,51.045,64.405,34.8074,0.9981,-3.4422,95.21442,TRUE,0.067,TRUE,3,28,FALSE,79.25097656
D12,43,BQCV,1.364,Amp,UNKNOWN,27.975,30.116,3.028,96.586,51.045,64.405,34.8074,0.9981,-3.4422,95.21442,TRUE,0.067,TRUE,3,24,FALSE,79.15106964
C12,Gblock,BQCV,0,No Amp,UNKNOWN,Undetermined,-,-,0,0,-,34.8074,0.9981,-3.4422,95.21442,TRUE,0.04,TRUE,3,39,TRUE,92.58895111
G2,Gblock,BQCV,1.408,Amp,UNKNOWN,16.221,16.221,-,250864.75,250864.75,-,34.8074,0.9981,-3.4422,95.21442,TRUE,0.067,TRUE,3,12,FALSE,79.5124588
G2,Gblock,BQCV,1.385,Amp,STANDARD,15.336,15.336,-,1,0,-,34.8074,0.9981,-3.4422,95.21442,TRUE,0.04,TRUE,3,12,FALSE,79.35539246
E1,Gblock,BQCV,1.398,Amp,STANDARD,15.852,15.852,-,1,0,-,34.8074,0.9981,-3.4422,95.21442,TRUE,0.079,TRUE,3,12,FALSE,79.59431458
D12,No Sample,BQCV,0,No Amp,NTC,Undetermined,-,-,-,0,-,34.8074,0.9981,-3.4422,95.21442,TRUE,0.04,TRUE,3,39,TRUE,90.84146881
G5,No Sample,BQCV,0,No Amp,NTC,Undetermined,-,-,-,0,-,34.8074,0.9981,-3.4422,95.21442,TRUE,0.067,TRUE,3,39,TRUE,92.64286804
E3,No Sample,BQCV,0,No Amp,NTC,Undetermined,-,-,-,0,-,34.8074,0.9981,-3.4422,95.21442,TRUE,0.079,TRUE,3,39,TRUE,92.13692474
B2,1,DWV,0,No Amp,UNKNOWN,Undetermined,-,-,0,0,-,35.2228,0.993,-3.5567,91.05548,TRUE,0.054,TRUE,3,39,TRUE,91.0425415
A9,1,DWV,0,No Amp,UNKNOWN,Undetermined,-,-,0,0,-,35.2228,0.993,-3.5567,91.05548,TRUE,0.041,TRUE,3,39,TRUE,69.23016357
B9,1,DWV,0,No Amp,UNKNOWN,Undetermined,-,-,0,0,-,35.2228,0.993,-3.5567,91.05548,TRUE,0.041,TRUE,3,39,TRUE,67.83243561
C9,1,DWV,0,No Amp,UNKNOWN,Undetermined,-,-,0,0,-,35.2228,0.993,-3.5567,91.05548,TRUE,0.041,TRUE,3,39,TRUE,73.17375183
A1,2,DWV,0,No Amp,UNKNOWN,Undetermined,-,-,0,0,-,35.2228,0.993,-3.5567,91.05548,TRUE,0.04,TRUE,3,39,TRUE,73.67240906
B1,2,DWV,0,No Amp,UNKNOWN,Undetermined,-,-,0,0,-,35.2228,0.993,-3.5567,91.05548,TRUE,0.04,TRUE,3,39,TRUE,75.06999969
A7,3,DWV,0,No Amp,UNKNOWN,Undetermined,-,-,0,0,-,35.2228,0.993,-3.5567,91.05548,TRUE,0.04,TRUE,3,39,TRUE,89.14517212
B7,3,DWV,0,No Amp,UNKNOWN,Undetermined,-,-,0,0,-,35.2228,0.993,-3.5567,91.05548,TRUE,0.04,TRUE,3,39,TRUE,90.64228821
A8,4,DWV,0,No Amp,UNKNOWN,Undetermined,-,-,0,0,-,35.2228,0.993,-3.5567,91.05548,TRUE,0.04,TRUE,3,39,TRUE,80.76135254
B8,4,DWV,0,No Amp,UNKNOWN,Undetermined,-,-,0,0,-,35.2228,0.993,-3.5567,91.05548,TRUE,0.04,TRUE,3,39,TRUE,76.22012329
A9,5,DWV,0,No Amp,UNKNOWN,Undetermined,-,-,0,0,-,35.2228,0.993,-3.5567,91.05548,TRUE,0.04,TRUE,3,39,TRUE,75.11951447
B9,5,DWV,0,No Amp,UNKNOWN,Undetermined,-,-,0,0,-,35.2228,0.993,-3.5567,91.05548,TRUE,0.04,TRUE,3,39,TRUE,70.67721558
B3,6,DWV,0,No Amp,UNKNOWN,Undetermined,-,-,0,0,-,35.2228,0.993,-3.5567,91.05548,TRUE,0.054,TRUE,3,39,TRUE,67.46959686
A10,6,DWV,0,No Amp,UNKNOWN,Undetermined,-,-,0,0,-,35.2228,0.993,-3.5567,91.05548,TRUE,0.041,TRUE,3,39,TRUE,69.23016357
B10,6,DWV,0,No Amp,UNKNOWN,Undetermined,-,-,0,0,-,35.2228,0.993,-3.5567,91.05548,TRUE,0.041,TRUE,3,39,TRUE,67.93227386
C10,6,DWV,0,No Amp,UNKNOWN,Undetermined,-,-,0,0,-,35.2228,0.993,-3.5567,91.05548,TRUE,0.041,TRUE,3,39,TRUE,66.83406067
A10,7,DWV,0,No Amp,UNKNOWN,Undetermined,-,-,0,0,-,35.2228,0.993,-3.5567,91.05548,TRUE,0.04,TRUE,3,39,TRUE,69.77877045
B10,7,DWV,0.561,No Amp,UNKNOWN,16.215,-,-,0,0,-,35.2228,0.993,-3.5567,91.05548,TRUE,0.04,TRUE,3,11,TRUE,90.39305878
A11,8,DWV,0,No Amp,UNKNOWN,Undetermined,-,-,0,0,-,35.2228,0.993,-3.5567,91.05548,TRUE,0.04,TRUE,3,39,TRUE,79.75744629
B11,8,DWV,0,No Amp,UNKNOWN,Undetermined,-,-,0,0,-,35.2228,0.993,-3.5567,91.05548,TRUE,0.04,TRUE,3,4,TRUE,91.74017334
B1,9,DWV,0,No Amp,UNKNOWN,Undetermined,-,-,0,0,-,35.2228,0.993,-3.5567,91.05548,TRUE,0.054,TRUE,3,39,TRUE,69.66604614
A8,9,DWV,0,No Amp,UNKNOWN,Undetermined,-,-,0,0,-,35.2228,0.993,-3.5567,91.05548,TRUE,0.041,TRUE,3,39,TRUE,70.03242493
B8,9,DWV,0,No Amp,UNKNOWN,Undetermined,-,-,0,0,-,35.2228,0.993,-3.5567,91.05548,TRUE,0.041,TRUE,3,39,TRUE,67.4868927
C8,9,DWV,0,No Amp,UNKNOWN,Undetermined,-,-,0,0,-,35.2228,0.993,-3.5567,91.05548,TRUE,0.041,TRUE,3,39,TRUE,89.09894562
B11,10,DWV,0,No Amp,UNKNOWN,Undetermined,-,-,0,0,-,35.2228,0.993,-3.5567,91.05548,TRUE,0.054,TRUE,3,39,TRUE,67.51377106
D9,10,DWV,0,No Amp,UNKNOWN,Undetermined,-,-,0,0,-,35.2228,0.993,-3.5567,91.05548,TRUE,0.041,TRUE,3,39,TRUE,67.13357544
E9,10,DWV,0,No Amp,UNKNOWN,Undetermined,-,-,0,0,-,35.2228,0.993,-3.5567,91.05548,TRUE,0.041,TRUE,3,39,TRUE,67.03373718
F9,10,DWV,0,No Amp,UNKNOWN,Undetermined,-,-,0,0,-,35.2228,0.993,-3.5567,91.05548,TRUE,0.041,TRUE,3,39,TRUE,66.8839798
A12,12,DWV,0,No Amp,UNKNOWN,Undetermined,-,-,0,0,-,35.2228,0.993,-3.5567,91.05548,TRUE,0.054,TRUE,3,39,TRUE,69.76126862
B12,12,DWV,0,No Amp,UNKNOWN,Undetermined,-,-,0,0,-,35.2228,0.993,-3.5567,91.05548,TRUE,0.054,TRUE,3,39,TRUE,71.00988007
A6,13,DWV,0,No Amp,UNKNOWN,Undetermined,-,-,0,0,-,35.2228,0.993,-3.5567,91.05548,TRUE,0.041,TRUE,3,39,TRUE,70.52645111
B6,13,DWV,0,No Amp,UNKNOWN,Undetermined,-,-,0,0,-,35.2228,0.993,-3.5567,91.05548,TRUE,0.041,TRUE,3,39,TRUE,68.77948761
A8,14,DWV,0,No Amp,UNKNOWN,Undetermined,-,-,0,0,-,35.2228,0.993,-3.5567,91.05548,TRUE,0.054,TRUE,3,39,TRUE,94.33444977
B8,14,DWV,0,No Amp,UNKNOWN,Undetermined,-,-,0,0,-,35.2228,0.993,-3.5567,91.05548,TRUE,0.054,TRUE,3,39,TRUE,67.96071625
A1,15,DWV,1.041,Amp,UNKNOWN,31.599,31.599,-,10.445,10.445,-,35.2228,0.993,-3.5567,91.05548,TRUE,0.041,TRUE,3,28,FALSE,69.17969513
B1,15,DWV,0,No Amp,UNKNOWN,Undetermined,-,-,0,0,-,35.2228,0.993,-3.5567,91.05548,TRUE,0.041,TRUE,3,39,TRUE,86.85162354
B9,16,DWV,0,No Amp,UNKNOWN,Undetermined,-,-,0,0,-,35.2228,0.993,-3.5567,91.05548,TRUE,0.054,TRUE,3,39,TRUE,67.21699524
G4,16,DWV,1.1,No Amp,NTC,37.211,-,-,-,0,-,35.2228,0.993,-3.5567,91.05548,TRUE,0.054,TRUE,3,34,TRUE,77.30765533
A12,16,DWV,1.234,Amp,UNKNOWN,34.815,34.815,-,1.302,1.302,-,35.2228,0.993,-3.5567,91.05548,TRUE,0.041,TRUE,3,32,FALSE,80.76042938
B12,16,DWV,0,No Amp,UNKNOWN,Undetermined,-,-,0,0,-,35.2228,0.993,-3.5567,91.05548,TRUE,0.041,TRUE,3,39,TRUE,67.98282623
C12,16,DWV,0,No Amp,UNKNOWN,Undetermined,-,-,0,0,-,35.2228,0.993,-3.5567,91.05548,TRUE,0.041,TRUE,3,39,TRUE,66.93466187
G4,16,DWV,0,No Amp,NTC,Undetermined,-,-,-,0,-,35.2228,0.993,-3.5567,91.05548,TRUE,0.041,TRUE,3,39,TRUE,67.08223724
A7,17,DWV,0,No Amp,UNKNOWN,Undetermined,-,-,0,0,-,35.2228,0.993,-3.5567,91.05548,TRUE,0.041,TRUE,3,39,TRUE,73.17690277
B7,17,DWV,0,No Amp,UNKNOWN,Undetermined,-,-,0,0,-,35.2228,0.993,-3.5567,91.05548,TRUE,0.041,TRUE,3,39,TRUE,69.93260193
A4,18,DWV,0,No Amp,UNKNOWN,Undetermined,-,-,0,0,-,35.2228,0.993,-3.5567,91.05548,TRUE,0.054,TRUE,3,39,TRUE,69.36729431
B4,18,DWV,0,No Amp,UNKNOWN,Undetermined,-,-,0,0,-,35.2228,0.993,-3.5567,91.05548,TRUE,0.054,TRUE,3,39,TRUE,94.23710632
A2,19,DWV,0,No Amp,UNKNOWN,Undetermined,-,-,0,0,-,35.2228,0.993,-3.5567,91.05548,TRUE,0.041,TRUE,3,39,TRUE,69.52914429
B2,19,DWV,0,No Amp,UNKNOWN,Undetermined,-,-,0,0,-,35.2228,0.993,-3.5567,91.05548,TRUE,0.041,TRUE,3,39,TRUE,87.20107269
A3,20,DWV,0,No Amp,UNKNOWN,Undetermined,-,-,0,0,-,35.2228,0.993,-3.5567,91.05548,TRUE,0.041,TRUE,3,39,TRUE,78.66387939
B3,20,DWV,0,No Amp,UNKNOWN,Undetermined,-,-,0,0,-,35.2228,0.993,-3.5567,91.05548,TRUE,0.041,TRUE,3,39,TRUE,70.67653656
A2,21,DWV,0,No Amp,UNKNOWN,Undetermined,-,-,0,0,-,35.2228,0.993,-3.5567,91.05548,TRUE,0.04,TRUE,3,39,TRUE,93.48828125
B2,21,DWV,0,No Amp,UNKNOWN,Undetermined,-,-,0,0,-,35.2228,0.993,-3.5567,91.05548,TRUE,0.04,TRUE,3,39,TRUE,87.74816895
B10,22,DWV,0.536,No Amp,UNKNOWN,Undetermined,-,-,0,0,-,35.2228,0.993,-3.5567,91.05548,TRUE,0.054,TRUE,3,35,TRUE,72.61145782
D8,22,DWV,0,No Amp,UNKNOWN,Undetermined,-,-,0,0,-,35.2228,0.993,-3.5567,91.05548,TRUE,0.041,TRUE,3,39,TRUE,67.13750458
E8,22,DWV,0,No Amp,UNKNOWN,Undetermined,-,-,0,0,-,35.2228,0.993,-3.5567,91.05548,TRUE,0.041,TRUE,3,39,TRUE,67.08759308
F8,22,DWV,0,No Amp,UNKNOWN,Undetermined,-,-,0,0,-,35.2228,0.993,-3.5567,91.05548,TRUE,0.041,TRUE,3,39,TRUE,67.08759308
A5,23,DWV,0,No Amp,UNKNOWN,Undetermined,-,-,0,0,-,35.2228,0.993,-3.5567,91.05548,TRUE,0.041,TRUE,3,39,TRUE,69.87757874
B5,23,DWV,0.866,No Amp,UNKNOWN,38.398,38.398,-,0.128,0.128,-,35.2228,0.993,-3.5567,91.05548,TRUE,0.041,TRUE,3,35,FALSE,70.92575836
A5,24,DWV,0,No Amp,UNKNOWN,Undetermined,-,-,0,0,-,35.2228,0.993,-3.5567,91.05548,TRUE,0.054,TRUE,3,39,TRUE,68.66062164
B5,24,DWV,0,No Amp,UNKNOWN,Undetermined,-,-,0,0,-,35.2228,0.993,-3.5567,91.05548,TRUE,0.054,TRUE,3,39,TRUE,67.21214294
A3,25,DWV,0,No Amp,UNKNOWN,Undetermined,-,-,0,0,-,35.2228,0.993,-3.5567,91.05548,TRUE,0.04,TRUE,3,39,TRUE,93.28684998
B3,25,DWV,0.574,No Amp,UNKNOWN,Undetermined,-,-,0,0,-,35.2228,0.993,-3.5567,91.05548,TRUE,0.04,TRUE,3,35,TRUE,74.51942444
A1,26,DWV,0,No Amp,UNKNOWN,Undetermined,-,-,0,0,-,35.2228,0.993,-3.5567,91.05548,TRUE,0.232,TRUE,3,39,TRUE,74.56963348
B1,26,DWV,0.499,No Amp,UNKNOWN,Undetermined,-,-,0,0,-,35.2228,0.993,-3.5567,91.05548,TRUE,0.232,TRUE,3,35,TRUE,67.18035126
A2,27,DWV,0,No Amp,UNKNOWN,Undetermined,-,-,0,0,-,35.2228,0.993,-3.5567,91.05548,TRUE,0.232,TRUE,3,39,TRUE,67.72956085
B2,27,DWV,0,No Amp,UNKNOWN,Undetermined,-,-,0,0,-,35.2228,0.993,-3.5567,91.05548,TRUE,0.232,TRUE,3,39,TRUE,67.03057098
A3,28,DWV,0,No Amp,UNKNOWN,Undetermined,-,-,0,0,-,35.2228,0.993,-3.5567,91.05548,TRUE,0.232,TRUE,3,39,TRUE,68.07515717
B3,28,DWV,0,No Amp,UNKNOWN,Undetermined,-,-,0,0,-,35.2228,0.993,-3.5567,91.05548,TRUE,0.232,TRUE,3,39,TRUE,67.07640839
A4,29,DWV,0,No Amp,UNKNOWN,Undetermined,-,-,0,0,-,35.2228,0.993,-3.5567,91.05548,TRUE,0.232,TRUE,3,39,TRUE,68.02522278
B4,29,DWV,0,No Amp,UNKNOWN,Undetermined,-,-,0,0,-,35.2228,0.993,-3.5567,91.05548,TRUE,0.232,TRUE,3,39,TRUE,71.57078552
A5,30,DWV,0,No Amp,UNKNOWN,Undetermined,-,-,0,0,-,35.2228,0.993,-3.5567,91.05548,TRUE,0.232,TRUE,3,39,TRUE,68.32359314
B5,30,DWV,0,No Amp,UNKNOWN,Undetermined,-,-,0,0,-,35.2228,0.993,-3.5567,91.05548,TRUE,0.232,TRUE,3,39,TRUE,67.07517242
A6,31,DWV,0,No Amp,UNKNOWN,Undetermined,-,-,0,0,-,35.2228,0.993,-3.5567,91.05548,TRUE,0.232,TRUE,3,39,TRUE,67.92410278
B6,31,DWV,0,No Amp,UNKNOWN,Undetermined,-,-,0,0,-,35.2228,0.993,-3.5567,91.05548,TRUE,0.232,TRUE,3,39,TRUE,67.2749176
A6,32,DWV,1.314,Amp,UNKNOWN,32.444,33.192,1.058,6.045,4.17,2.652,35.2228,0.993,-3.5567,91.05548,TRUE,0.054,TRUE,3,29,FALSE,79.74898529
B6,32,DWV,1.292,Amp,UNKNOWN,33.94,33.192,1.058,2.295,4.17,2.652,35.2228,0.993,-3.5567,91.05548,TRUE,0.054,TRUE,3,30,FALSE,79.89883423
A4,33,DWV,0,No Amp,UNKNOWN,Undetermined,-,-,0,0,-,35.2228,0.993,-3.5567,91.05548,TRUE,0.041,TRUE,3,39,TRUE,69.82788086
B4,33,DWV,1.3,Amp,UNKNOWN,33.373,33.373,-,3.313,3.313,-,35.2228,0.993,-3.5567,91.05548,TRUE,0.041,TRUE,3,30,FALSE,79.91189575
A7,34,DWV,0,No Amp,UNKNOWN,Undetermined,-,-,0,0,-,35.2228,0.993,-3.5567,91.05548,TRUE,0.232,TRUE,3,39,TRUE,68.02789307
B7,34,DWV,0,No Amp,UNKNOWN,Undetermined,-,-,0,0,-,35.2228,0.993,-3.5567,91.05548,TRUE,0.232,TRUE,3,39,TRUE,67.2789917
A8,35,DWV,0,No Amp,UNKNOWN,Undetermined,-,-,0,0,-,35.2228,0.993,-3.5567,91.05548,TRUE,0.232,TRUE,3,39,TRUE,68.12774658
B8,35,DWV,0,No Amp,UNKNOWN,Undetermined,-,-,0,0,-,35.2228,0.993,-3.5567,91.05548,TRUE,0.232,TRUE,3,39,TRUE,84.8033905
A9,36,DWV,0,No Amp,UNKNOWN,Undetermined,-,-,0,0,-,35.2228,0.993,-3.5567,91.05548,TRUE,0.232,TRUE,3,39,TRUE,68.13063049
B9,36,DWV,0,No Amp,UNKNOWN,Undetermined,-,-,0,0,-,35.2228,0.993,-3.5567,91.05548,TRUE,0.232,TRUE,3,39,TRUE,67.53157043
A4,37,DWV,1.28,Amp,UNKNOWN,33.591,32.016,2.227,2.876,12.489,13.594,35.2228,0.993,-3.5567,91.05548,TRUE,0.04,TRUE,3,31,FALSE,79.61058807
B4,37,DWV,1.298,Amp,UNKNOWN,30.441,32.016,2.227,22.101,12.489,13.594,35.2228,0.993,-3.5567,91.05548,TRUE,0.04,TRUE,3,27,FALSE,79.8601532
A10,38,DWV,0,No Amp,UNKNOWN,Undetermined,-,-,0,0,-,35.2228,0.993,-3.5567,91.05548,TRUE,0.232,TRUE,3,39,TRUE,67.98086548
B10,38,DWV,0,No Amp,UNKNOWN,Undetermined,-,-,0,0,-,35.2228,0.993,-3.5567,91.05548,TRUE,0.232,TRUE,3,39,TRUE,67.13219452
A5,39,DWV,0,No Amp,UNKNOWN,Undetermined,-,-,0,0,-,35.2228,0.993,-3.5567,91.05548,TRUE,0.04,TRUE,3,39,TRUE,93.98968506
B5,39,DWV,0,No Amp,UNKNOWN,Undetermined,-,-,0,0,-,35.2228,0.993,-3.5567,91.05548,TRUE,0.04,TRUE,3,39,TRUE,76.16978455
A6,40,DWV,1.237,Amp,UNKNOWN,30.777,32.047,1.797,17.787,10.61,10.149,35.2228,0.993,-3.5567,91.05548,TRUE,0.04,TRUE,3,28,FALSE,79.71379852
B6,40,DWV,1.25,Amp,UNKNOWN,33.317,32.047,1.797,3.433,10.61,10.149,35.2228,0.993,-3.5567,91.05548,TRUE,0.04,TRUE,3,30,FALSE,79.51413727
B11,41,DWV,0.916,No Amp,UNKNOWN,Undetermined,-,-,1.53E+10,0,-,35.2228,0.993,-3.5567,91.05548,TRUE,0.232,TRUE,3,34,FALSE,74.00590515
D10,41,DWV,0,No Amp,UNKNOWN,Undetermined,-,-,0,0,-,35.2228,0.993,-3.5567,91.05548,TRUE,0.041,TRUE,3,39,TRUE,66.93389893
E10,41,DWV,0,No Amp,UNKNOWN,Undetermined,-,-,0,0,-,35.2228,0.993,-3.5567,91.05548,TRUE,0.041,TRUE,3,39,TRUE,66.98381805
F10,41,DWV,0,No Amp,UNKNOWN,Undetermined,-,-,0,0,-,35.2228,0.993,-3.5567,91.05548,TRUE,0.041,TRUE,3,39,TRUE,67.03373718
A11,42,DWV,0,No Amp,UNKNOWN,Undetermined,-,-,0,0,-,35.2228,0.993,-3.5567,91.05548,TRUE,0.041,TRUE,3,39,TRUE,68.68160248
B11,42,DWV,0,No Amp,UNKNOWN,Undetermined,-,-,0,0,-,35.2228,0.993,-3.5567,91.05548,TRUE,0.041,TRUE,3,39,TRUE,67.43378448
C11,42,DWV,0,No Amp,UNKNOWN,Undetermined,-,-,0,0,-,35.2228,0.993,-3.5567,91.05548,TRUE,0.041,TRUE,3,39,TRUE,67.13430786
A12,43,DWV,0.502,No Amp,UNKNOWN,Undetermined,-,-,1.53E+10,0,-,35.2228,0.993,-3.5567,91.05548,TRUE,0.232,TRUE,3,39,FALSE,80.54975891
B12,43,DWV,0,No Amp,UNKNOWN,Undetermined,-,-,0,0,-,35.2228,0.993,-3.5567,91.05548,TRUE,0.232,TRUE,3,39,TRUE,67.26223755
A12,Gblock,DWV,1.356,Amp,UNKNOWN,11.955,11.955,-,3482986.8,3482986.8,-,35.2228,0.993,-3.5567,91.05548,TRUE,0.04,TRUE,3,9,FALSE,80.05700684
G1,Gblock,DWV,1.405,Amp,UNKNOWN,17.033,17.033,-,130063.83,130063.83,-,35.2228,0.993,-3.5567,91.05548,TRUE,0.232,TRUE,3,11,FALSE,80.2613678
G1,Gblock,DWV,1.38,Amp,STANDARD,15.334,15.334,-,1,0,-,35.2228,0.993,-3.5567,91.05548,TRUE,0.054,TRUE,3,12,FALSE,80.05461884
G1,Gblock,DWV,1.4,Amp,STANDARD,31.61,31.61,-,1,0,-,35.2228,0.993,-3.5567,91.05548,TRUE,0.041,TRUE,3,28,FALSE,76.16859436
B12,No Sample,DWV,0,No Amp,NTC,Undetermined,-,-,-,0,-,35.2228,0.993,-3.5567,91.05548,TRUE,0.04,TRUE,3,39,TRUE,79.95715332
G4,No Sample,DWV,0,No Amp,NTC,Undetermined,-,-,-,0,-,35.2228,0.993,-3.5567,91.05548,TRUE,0.232,TRUE,3,39,TRUE,67.52584076